Year,Project Code,Project,Species Code,Species,Sample Date,Stat Week,Port Code,District,Stat Area,Stream no,Stream,Gear Code,Gear,Sample Comments,Scale Card No,Specimen Number,Sex Code,Sex,Length Type Code,Length mm,Average Length mm,Average Weight kg,Age European,Cwt Strap Tag No,Dna Specimen No,Spaghetti Tag No,Otolith Tray Cell No,Otolith Bp Strap Tag No,Scale Image Name,Thermal Mark Presence,Thermal Mark Id,Tahltan Tuya,Specimen Comments,Adipose Clipped Signal
2024,394,Klag Lake - Esc.,420,Sockeye,7/13/2024,28,,113,113-72,113-72-007,Klag Lake,14,Weir,,1,1,02,Female,02,470,470.00,0.00,12,,,,,,,,,,,
2024,394,Klag Lake - Esc.,420,Sockeye,7/13/2024,28,,113,113-72,113-72-007,Klag Lake,14,Weir,,1,2,02,Female,02,500,500.00,0.00,12,,,,,,,,,,,
2024,394,Klag Lake - Esc.,420,Sockeye,7/13/2024,28,,113,113-72,113-72-007,Klag Lake,14,Weir,,1,3,02,Female,02,430,430.00,0.00,12,,,,,,,,,,,
2024,394,Klag Lake - Esc.,420,Sockeye,7/13/2024,28,,113,113-72,113-72-007,Klag Lake,14,Weir,,1,4,02,Female,02,440,440.00,0.00,12,,,,,,,,,,,
2024,394,Klag Lake - Esc.,420,Sockeye,7/13/2024,28,,113,113-72,113-72-007,Klag Lake,14,Weir,,1,5,01,Male,02,480,480.00,0.00,12,,,,,,,,,,,
2024,394,Klag Lake - Esc.,420,Sockeye,7/13/2024,28,,113,113-72,113-72-007,Klag Lake,14,Weir,,1,6,02,Female,02,480,480.00,0.00,12,,,,,,,,,,,
2024,394,Klag Lake - Esc.,420,Sockeye,7/13/2024,28,,113,113-72,113-72-007,Klag Lake,14,Weir,,1,7,01,Male,02,440,440.00,0.00,12,,,,,,,,,,,
2024,394,Klag Lake - Esc.,420,Sockeye,7/13/2024,28,,113,113-72,113-72-007,Klag Lake,14,Weir,,1,8,01,Male,02,510,510.00,0.00,,,,,,,,,,,resorbed,
2024,394,Klag Lake - Esc.,420,Sockeye,7/13/2024,28,,113,113-72,113-72-007,Klag Lake,14,Weir,,2,1,01,Male,02,520,520.00,0.00,12,,,,,,,,,,,
2024,394,Klag Lake - Esc.,420,Sockeye,7/13/2024,28,,113,113-72,113-72-007,Klag Lake,14,Weir,,2,2,01,Male,02,510,510.00,0.00,13,,,,,,,,,,,
2024,394,Klag Lake - Esc.,420,Sockeye,7/13/2024,28,,113,113-72,113-72-007,Klag Lake,14,Weir,,2,3,01,Male,02,490,490.00,0.00,12,,,,,,,,,,,
2024,394,Klag Lake - Esc.,420,Sockeye,7/13/2024,28,,113,113-72,113-72-007,Klag Lake,14,Weir,,2,4,02,Female,02,480,480.00,0.00,,,,,,,,,,,scales inverted,
2024,394,Klag Lake - Esc.,420,Sockeye,7/13/2024,28,,113,113-72,113-72-007,Klag Lake,14,Weir,,2,5,02,Female,02,480,480.00,0.00,12,,,,,,,,,,,
2024,394,Klag Lake - Esc.,420,Sockeye,7/13/2024,28,,113,113-72,113-72-007,Klag Lake,14,Weir,,2,6,02,Female,02,515,515.00,0.00,12,,,,,,,,,,,
2024,394,Klag Lake - Esc.,420,Sockeye,7/13/2024,28,,113,113-72,113-72-007,Klag Lake,14,Weir,,2,7,02,Female,02,520,520.00,0.00,,,,,,,,,,,scales inverted,
2024,394,Klag Lake - Esc.,420,Sockeye,7/13/2024,28,,113,113-72,113-72-007,Klag Lake,14,Weir,,2,8,02,Female,02,550,550.00,0.00,,,,,,,,,,,scales inverted,
2024,394,Klag Lake - Esc.,420,Sockeye,7/13/2024,28,,113,113-72,113-72-007,Klag Lake,14,Weir,,2,9,01,Male,02,520,520.00,0.00,13,,,,,,,,,,,
2024,394,Klag Lake - Esc.,420,Sockeye,7/13/2024,28,,113,113-72,113-72-007,Klag Lake,14,Weir,,2,10,01,Male,02,505,505.00,0.00,12,,,,,,,,,,,
2024,394,Klag Lake - Esc.,420,Sockeye,7/13/2024,28,,113,113-72,113-72-007,Klag Lake,14,Weir,,3,1,02,Female,02,500,500.00,0.00,12,,,,,,,,,,,
2024,394,Klag Lake - Esc.,420,Sockeye,7/13/2024,28,,113,113-72,113-72-007,Klag Lake,14,Weir,,3,2,01,Male,02,580,580.00,0.00,,,,,,,,,,,resorbed,
2024,394,Klag Lake - Esc.,420,Sockeye,7/13/2024,28,,113,113-72,113-72-007,Klag Lake,14,Weir,,3,3,02,Female,02,460,460.00,0.00,12,,,,,,,,,,,
2024,394,Klag Lake - Esc.,420,Sockeye,7/13/2024,28,,113,113-72,113-72-007,Klag Lake,14,Weir,,3,4,01,Male,02,495,495.00,0.00,12,,,,,,,,,,,
2024,394,Klag Lake - Esc.,420,Sockeye,7/13/2024,28,,113,113-72,113-72-007,Klag Lake,14,Weir,,3,5,02,Female,02,520,520.00,0.00,13,,,,,,,,,,,
2024,394,Klag Lake - Esc.,420,Sockeye,7/13/2024,28,,113,113-72,113-72-007,Klag Lake,14,Weir,,3,6,01,Male,02,470,470.00,0.00,12,,,,,,,,,,,
2024,394,Klag Lake - Esc.,420,Sockeye,7/13/2024,28,,113,113-72,113-72-007,Klag Lake,14,Weir,,3,7,02,Female,02,520,520.00,0.00,22,,,,,,,,,,,
2024,394,Klag Lake - Esc.,420,Sockeye,7/13/2024,28,,113,113-72,113-72-007,Klag Lake,14,Weir,,3,8,01,Male,02,470,470.00,0.00,12,,,,,,,,,,,
2024,394,Klag Lake - Esc.,420,Sockeye,7/13/2024,28,,113,113-72,113-72-007,Klag Lake,14,Weir,,3,9,02,Female,02,550,550.00,0.00,13,,,,,,,,,,,
2024,394,Klag Lake - Esc.,420,Sockeye,7/13/2024,28,,113,113-72,113-72-007,Klag Lake,14,Weir,,3,10,02,Female,02,550,550.00,0.00,23,,,,,,,,,,,
2024,394,Klag Lake - Esc.,420,Sockeye,7/13/2024,28,,113,113-72,113-72-007,Klag Lake,14,Weir,,4,1,02,Female,02,455,455.00,0.00,12,,,,,,,,,,,
2024,394,Klag Lake - Esc.,420,Sockeye,7/13/2024,28,,113,113-72,113-72-007,Klag Lake,14,Weir,,4,2,01,Male,02,455,455.00,0.00,12,,,,,,,,,,,
2024,394,Klag Lake - Esc.,420,Sockeye,7/13/2024,28,,113,113-72,113-72-007,Klag Lake,14,Weir,,4,3,01,Male,02,490,490.00,0.00,12,,,,,,,,,,,
2024,394,Klag Lake - Esc.,420,Sockeye,7/13/2024,28,,113,113-72,113-72-007,Klag Lake,14,Weir,,4,4,02,Female,02,545,545.00,0.00,13,,,,,,,,,,,
2024,394,Klag Lake - Esc.,420,Sockeye,7/13/2024,28,,113,113-72,113-72-007,Klag Lake,14,Weir,,4,5,01,Male,02,495,495.00,0.00,12,,,,,,,,,,,
2024,394,Klag Lake - Esc.,420,Sockeye,7/13/2024,28,,113,113-72,113-72-007,Klag Lake,14,Weir,,4,6,02,Female,02,470,470.00,0.00,12,,,,,,,,,,,
2024,394,Klag Lake - Esc.,420,Sockeye,7/13/2024,28,,113,113-72,113-72-007,Klag Lake,14,Weir,,4,7,02,Female,02,465,465.00,0.00,12,,,,,,,,,,,
2024,394,Klag Lake - Esc.,420,Sockeye,7/13/2024,28,,113,113-72,113-72-007,Klag Lake,14,Weir,,4,8,01,Male,02,475,475.00,0.00,12,,,,,,,,,,,
2024,394,Klag Lake - Esc.,420,Sockeye,7/13/2024,28,,113,113-72,113-72-007,Klag Lake,14,Weir,,4,9,02,Female,02,510,510.00,0.00,13,,,,,,,,,,,
2024,394,Klag Lake - Esc.,420,Sockeye,7/13/2024,28,,113,113-72,113-72-007,Klag Lake,14,Weir,,4,10,01,Male,02,505,505.00,0.00,,,,,,,,,,,resorbed,
2024,394,Klag Lake - Esc.,420,Sockeye,7/13/2024,28,,113,113-72,113-72-007,Klag Lake,14,Weir,,5,1,01,Male,02,515,515.00,0.00,,,,,,,,,,,resorbed,
2024,394,Klag Lake - Esc.,420,Sockeye,7/13/2024,28,,113,113-72,113-72-007,Klag Lake,14,Weir,,5,2,01,Male,02,460,460.00,0.00,12,,,,,,,,,,,
2024,394,Klag Lake - Esc.,420,Sockeye,7/13/2024,28,,113,113-72,113-72-007,Klag Lake,14,Weir,,5,3,02,Female,02,500,500.00,0.00,,,,,,,,,,,regenerated,
2024,394,Klag Lake - Esc.,420,Sockeye,7/13/2024,28,,113,113-72,113-72-007,Klag Lake,14,Weir,,5,4,02,Female,02,545,545.00,0.00,13,,,,,,,,,,,
2024,394,Klag Lake - Esc.,420,Sockeye,7/13/2024,28,,113,113-72,113-72-007,Klag Lake,14,Weir,,5,5,01,Male,02,555,555.00,0.00,,,,,,,,,,,resorbed,
2024,394,Klag Lake - Esc.,420,Sockeye,7/13/2024,28,,113,113-72,113-72-007,Klag Lake,14,Weir,,5,6,02,Female,02,490,490.00,0.00,12,,,,,,,,,,,
2024,394,Klag Lake - Esc.,420,Sockeye,7/13/2024,28,,113,113-72,113-72-007,Klag Lake,14,Weir,,5,7,02,Female,02,510,510.00,0.00,,,,,,,,,,,resorbed,
2024,394,Klag Lake - Esc.,420,Sockeye,7/13/2024,28,,113,113-72,113-72-007,Klag Lake,14,Weir,,5,8,02,Female,02,540,540.00,0.00,13,,,,,,,,,,,
2024,394,Klag Lake - Esc.,420,Sockeye,7/13/2024,28,,113,113-72,113-72-007,Klag Lake,14,Weir,,5,9,02,Female,02,520,520.00,0.00,13,,,,,,,,,,,
2024,394,Klag Lake - Esc.,420,Sockeye,7/13/2024,28,,113,113-72,113-72-007,Klag Lake,14,Weir,,5,10,01,Male,02,515,515.00,0.00,12,,,,,,,,,,,
2024,394,Klag Lake - Esc.,420,Sockeye,7/13/2024,28,,113,113-72,113-72-007,Klag Lake,14,Weir,,6,1,01,Male,02,475,475.00,0.00,12,,,,,,,,,,,
2024,394,Klag Lake - Esc.,420,Sockeye,7/13/2024,28,,113,113-72,113-72-007,Klag Lake,14,Weir,,6,2,01,Male,02,550,550.00,0.00,13,,,,,,,,,,,
2024,394,Klag Lake - Esc.,420,Sockeye,7/13/2024,28,,113,113-72,113-72-007,Klag Lake,14,Weir,,6,3,02,Female,02,495,495.00,0.00,12,,,,,,,,,,,
2024,394,Klag Lake - Esc.,420,Sockeye,7/13/2024,28,,113,113-72,113-72-007,Klag Lake,14,Weir,,6,4,01,Male,02,475,475.00,0.00,,,,,,,,,,,regenerated,
2024,394,Klag Lake - Esc.,420,Sockeye,7/13/2024,28,,113,113-72,113-72-007,Klag Lake,14,Weir,,6,5,02,Female,02,480,480.00,0.00,22,,,,,,,,,,,
2024,394,Klag Lake - Esc.,420,Sockeye,7/13/2024,28,,113,113-72,113-72-007,Klag Lake,14,Weir,,6,6,02,Female,02,525,525.00,0.00,23,,,,,,,,,,,
2024,394,Klag Lake - Esc.,420,Sockeye,7/13/2024,28,,113,113-72,113-72-007,Klag Lake,14,Weir,,6,7,02,Female,02,500,500.00,0.00,13,,,,,,,,,,,
2024,394,Klag Lake - Esc.,420,Sockeye,7/13/2024,28,,113,113-72,113-72-007,Klag Lake,14,Weir,,6,8,01,Male,02,565,565.00,0.00,13,,,,,,,,,,,
2024,394,Klag Lake - Esc.,420,Sockeye,7/13/2024,28,,113,113-72,113-72-007,Klag Lake,14,Weir,,6,9,02,Female,02,490,490.00,0.00,12,,,,,,,,,,,
2024,394,Klag Lake - Esc.,420,Sockeye,7/13/2024,28,,113,113-72,113-72-007,Klag Lake,14,Weir,,6,10,02,Female,02,545,545.00,0.00,13,,,,,,,,,,,
2024,394,Klag Lake - Esc.,420,Sockeye,7/19/2024,29,,113,113-72,113-72-007,Klag Lake,14,Weir,,7,1,01,Male,02,510,510.00,0.00,12,,,,,,,,,,,
2024,394,Klag Lake - Esc.,420,Sockeye,7/19/2024,29,,113,113-72,113-72-007,Klag Lake,14,Weir,,7,2,02,Female,02,500,500.00,0.00,12,,,,,,,,,,,
2024,394,Klag Lake - Esc.,420,Sockeye,7/19/2024,29,,113,113-72,113-72-007,Klag Lake,14,Weir,,7,3,01,Male,02,515,515.00,0.00,12,,,,,,,,,,,
2024,394,Klag Lake - Esc.,420,Sockeye,7/19/2024,29,,113,113-72,113-72-007,Klag Lake,14,Weir,,7,4,01,Male,02,505,505.00,0.00,12,,,,,,,,,,,
2024,394,Klag Lake - Esc.,420,Sockeye,7/19/2024,29,,113,113-72,113-72-007,Klag Lake,14,Weir,,7,5,02,Female,02,480,480.00,0.00,12,,,,,,,,,,,
2024,394,Klag Lake - Esc.,420,Sockeye,7/19/2024,29,,113,113-72,113-72-007,Klag Lake,14,Weir,,7,6,01,Male,02,500,500.00,0.00,12,,,,,,,,,,,
2024,394,Klag Lake - Esc.,420,Sockeye,7/19/2024,29,,113,113-72,113-72-007,Klag Lake,14,Weir,,7,7,01,Male,02,530,530.00,0.00,12,,,,,,,,,,,
2024,394,Klag Lake - Esc.,420,Sockeye,7/19/2024,29,,113,113-72,113-72-007,Klag Lake,14,Weir,,7,8,02,Female,02,510,510.00,0.00,,,,,,,,,,,regenerated,
2024,394,Klag Lake - Esc.,420,Sockeye,7/19/2024,29,,113,113-72,113-72-007,Klag Lake,14,Weir,,7,9,02,Female,02,520,520.00,0.00,22,,,,,,,,,,,
2024,394,Klag Lake - Esc.,420,Sockeye,7/19/2024,29,,113,113-72,113-72-007,Klag Lake,14,Weir,,7,10,02,Female,02,495,495.00,0.00,12,,,,,,,,,,,
2024,394,Klag Lake - Esc.,420,Sockeye,7/19/2024,29,,113,113-72,113-72-007,Klag Lake,14,Weir,,8,1,01,Male,02,,,0.00,,,,,,,,,,,no scales,
2024,394,Klag Lake - Esc.,420,Sockeye,7/19/2024,29,,113,113-72,113-72-007,Klag Lake,14,Weir,,8,2,01,Male,02,480,480.00,0.00,12,,,,,,,,,,,
2024,394,Klag Lake - Esc.,420,Sockeye,7/19/2024,29,,113,113-72,113-72-007,Klag Lake,14,Weir,,8,3,01,Male,02,490,490.00,0.00,12,,,,,,,,,,,
2024,394,Klag Lake - Esc.,420,Sockeye,7/19/2024,29,,113,113-72,113-72-007,Klag Lake,14,Weir,,8,4,01,Male,02,500,500.00,0.00,22,,,,,,,,,,,
2024,394,Klag Lake - Esc.,420,Sockeye,7/19/2024,29,,113,113-72,113-72-007,Klag Lake,14,Weir,,8,5,02,Female,02,480,480.00,0.00,12,,,,,,,,,,,
2024,394,Klag Lake - Esc.,420,Sockeye,7/19/2024,29,,113,113-72,113-72-007,Klag Lake,14,Weir,,8,6,01,Male,02,520,520.00,0.00,22,,,,,,,,,,,
2024,394,Klag Lake - Esc.,420,Sockeye,7/19/2024,29,,113,113-72,113-72-007,Klag Lake,14,Weir,,8,7,01,Male,02,490,490.00,0.00,13,,,,,,,,,,,
2024,394,Klag Lake - Esc.,420,Sockeye,7/19/2024,29,,113,113-72,113-72-007,Klag Lake,14,Weir,,8,8,01,Male,02,455,455.00,0.00,12,,,,,,,,,,,
2024,394,Klag Lake - Esc.,420,Sockeye,7/19/2024,29,,113,113-72,113-72-007,Klag Lake,14,Weir,,8,9,02,Female,02,490,490.00,0.00,12,,,,,,,,,,,
2024,394,Klag Lake - Esc.,420,Sockeye,7/19/2024,29,,113,113-72,113-72-007,Klag Lake,14,Weir,,8,10,01,Male,02,520,520.00,0.00,,,,,,,,,,,resorbed,
2024,394,Klag Lake - Esc.,420,Sockeye,7/20/2024,29,,113,113-72,113-72-007,Klag Lake,14,Weir,,9,1,01,Male,02,520,520.00,0.00,12,,,,,,,,,,,
2024,394,Klag Lake - Esc.,420,Sockeye,7/20/2024,29,,113,113-72,113-72-007,Klag Lake,14,Weir,,9,2,01,Male,02,445,445.00,0.00,12,,,,,,,,,,,
2024,394,Klag Lake - Esc.,420,Sockeye,7/20/2024,29,,113,113-72,113-72-007,Klag Lake,14,Weir,,9,3,01,Male,02,475,475.00,0.00,12,,,,,,,,,,,
2024,394,Klag Lake - Esc.,420,Sockeye,7/20/2024,29,,113,113-72,113-72-007,Klag Lake,14,Weir,,9,4,02,Female,02,505,505.00,0.00,12,,,,,,,,,,,
2024,394,Klag Lake - Esc.,420,Sockeye,7/20/2024,29,,113,113-72,113-72-007,Klag Lake,14,Weir,,9,5,01,Male,02,520,520.00,0.00,22,,,,,,,,,,,
2024,394,Klag Lake - Esc.,420,Sockeye,7/20/2024,29,,113,113-72,113-72-007,Klag Lake,14,Weir,,9,6,01,Male,02,540,540.00,0.00,,,,,,,,,,,resorbed,
2024,394,Klag Lake - Esc.,420,Sockeye,7/20/2024,29,,113,113-72,113-72-007,Klag Lake,14,Weir,,9,7,01,Male,02,515,515.00,0.00,12,,,,,,,,,,,
2024,394,Klag Lake - Esc.,420,Sockeye,7/20/2024,29,,113,113-72,113-72-007,Klag Lake,14,Weir,,9,8,01,Male,02,510,510.00,0.00,13,,,,,,,,,,,
2024,394,Klag Lake - Esc.,420,Sockeye,7/24/2024,30,,113,113-72,113-72-007,Klag Lake,14,Weir,,10,1,01,Male,02,500,500.00,0.00,,,,,,,,,,,coho,
2024,394,Klag Lake - Esc.,420,Sockeye,7/24/2024,30,,113,113-72,113-72-007,Klag Lake,14,Weir,,10,2,01,Male,02,545,545.00,0.00,,,,,,,,,,,coho,
2024,394,Klag Lake - Esc.,420,Sockeye,7/24/2024,30,,113,113-72,113-72-007,Klag Lake,14,Weir,,10,3,01,Male,02,420,420.00,0.00,22,,,,,,,,,,,
2024,394,Klag Lake - Esc.,420,Sockeye,7/24/2024,30,,113,113-72,113-72-007,Klag Lake,14,Weir,,10,4,01,Male,02,510,510.00,0.00,,,,,,,,,,,coho,
2024,394,Klag Lake - Esc.,420,Sockeye,7/24/2024,30,,113,113-72,113-72-007,Klag Lake,14,Weir,,10,5,01,Male,02,460,460.00,0.00,,,,,,,,,,,scales inverted,
2024,394,Klag Lake - Esc.,420,Sockeye,7/24/2024,30,,113,113-72,113-72-007,Klag Lake,14,Weir,,10,6,01,Male,02,515,515.00,0.00,,,,,,,,,,,coho,
2024,394,Klag Lake - Esc.,420,Sockeye,7/24/2024,30,,113,113-72,113-72-007,Klag Lake,14,Weir,,10,7,01,Male,02,480,480.00,0.00,,,,,,,,,,,coho,
2024,394,Klag Lake - Esc.,420,Sockeye,7/24/2024,30,,113,113-72,113-72-007,Klag Lake,14,Weir,,10,8,01,Male,02,490,490.00,0.00,22,,,,,,,,,,,
2024,394,Klag Lake - Esc.,420,Sockeye,7/24/2024,30,,113,113-72,113-72-007,Klag Lake,14,Weir,,10,9,01,Male,02,465,465.00,0.00,,,,,,,,,,,scales inverted,
2024,394,Klag Lake - Esc.,420,Sockeye,7/24/2024,30,,113,113-72,113-72-007,Klag Lake,14,Weir,,10,10,01,Male,02,565,565.00,0.00,,,,,,,,,,,coho,
2024,394,Klag Lake - Esc.,420,Sockeye,7/26/2024,30,,113,113-72,113-72-007,Klag Lake,14,Weir,,11,1,01,Male,02,460,460.00,0.00,12,,,,,,,,,,,
2024,394,Klag Lake - Esc.,420,Sockeye,7/26/2024,30,,113,113-72,113-72-007,Klag Lake,14,Weir,,11,2,01,Male,02,510,510.00,0.00,,,,,,,,,,,scales inverted,
2024,394,Klag Lake - Esc.,420,Sockeye,7/26/2024,30,,113,113-72,113-72-007,Klag Lake,14,Weir,,11,3,02,Female,02,485,485.00,0.00,12,,,,,,,,,,,
2024,394,Klag Lake - Esc.,420,Sockeye,7/26/2024,30,,113,113-72,113-72-007,Klag Lake,14,Weir,,11,4,02,Female,02,490,490.00,0.00,12,,,,,,,,,,,
2024,394,Klag Lake - Esc.,420,Sockeye,7/26/2024,30,,113,113-72,113-72-007,Klag Lake,14,Weir,,11,5,02,Female,02,485,485.00,0.00,12,,,,,,,,,,,
2024,394,Klag Lake - Esc.,420,Sockeye,7/26/2024,30,,113,113-72,113-72-007,Klag Lake,14,Weir,,11,6,02,Female,02,460,460.00,0.00,12,,,,,,,,,,,
2024,394,Klag Lake - Esc.,420,Sockeye,7/26/2024,30,,113,113-72,113-72-007,Klag Lake,14,Weir,,11,7,02,Female,02,475,475.00,0.00,12,,,,,,,,,,,
2024,394,Klag Lake - Esc.,420,Sockeye,7/26/2024,30,,113,113-72,113-72-007,Klag Lake,14,Weir,,11,8,01,Male,02,470,470.00,0.00,12,,,,,,,,,,,
2024,394,Klag Lake - Esc.,420,Sockeye,7/26/2024,30,,113,113-72,113-72-007,Klag Lake,14,Weir,,11,9,02,Female,02,500,500.00,0.00,12,,,,,,,,,,,
2024,394,Klag Lake - Esc.,420,Sockeye,7/26/2024,30,,113,113-72,113-72-007,Klag Lake,14,Weir,,11,10,01,Male,02,425,425.00,0.00,,,,,,,,,,,scales inverted,
2024,394,Klag Lake - Esc.,420,Sockeye,7/26/2024,30,,113,113-72,113-72-007,Klag Lake,14,Weir,,12,1,02,Female,02,465,465.00,0.00,,,,,,,,,,,scales inverted,
2024,394,Klag Lake - Esc.,420,Sockeye,7/26/2024,30,,113,113-72,113-72-007,Klag Lake,14,Weir,,12,2,02,Female,02,425,425.00,0.00,12,,,,,,,,,,,
2024,394,Klag Lake - Esc.,420,Sockeye,7/26/2024,30,,113,113-72,113-72-007,Klag Lake,14,Weir,,12,3,02,Female,02,475,475.00,0.00,12,,,,,,,,,,,
2024,394,Klag Lake - Esc.,420,Sockeye,7/26/2024,30,,113,113-72,113-72-007,Klag Lake,14,Weir,,12,4,01,Male,02,480,480.00,0.00,,,,,,,,,,,scales inverted,
2024,394,Klag Lake - Esc.,420,Sockeye,7/26/2024,30,,113,113-72,113-72-007,Klag Lake,14,Weir,,12,5,01,Male,02,475,475.00,0.00,12,,,,,,,,,,,
2024,394,Klag Lake - Esc.,420,Sockeye,7/26/2024,30,,113,113-72,113-72-007,Klag Lake,14,Weir,,12,6,01,Male,02,490,490.00,0.00,12,,,,,,,,,,,
2024,394,Klag Lake - Esc.,420,Sockeye,7/26/2024,30,,113,113-72,113-72-007,Klag Lake,14,Weir,,12,7,01,Male,02,515,515.00,0.00,,,,,,,,,,,scales inverted,
2024,394,Klag Lake - Esc.,420,Sockeye,7/26/2024,30,,113,113-72,113-72-007,Klag Lake,14,Weir,,12,8,01,Male,02,465,465.00,0.00,12,,,,,,,,,,,
2024,394,Klag Lake - Esc.,420,Sockeye,7/26/2024,30,,113,113-72,113-72-007,Klag Lake,14,Weir,,12,9,02,Female,02,460,460.00,0.00,,,,,,,,,,,scales inverted,
2024,394,Klag Lake - Esc.,420,Sockeye,7/26/2024,30,,113,113-72,113-72-007,Klag Lake,14,Weir,,12,10,01,Male,02,475,475.00,0.00,,,,,,,,,,,scales inverted,
2024,394,Klag Lake - Esc.,420,Sockeye,7/27/2024,30,,113,113-72,113-72-007,Klag Lake,14,Weir,,13,1,02,Female,02,475,475.00,0.00,12,,,,,,,,,,,
2024,394,Klag Lake - Esc.,420,Sockeye,7/27/2024,30,,113,113-72,113-72-007,Klag Lake,14,Weir,,13,2,02,Female,02,455,455.00,0.00,12,,,,,,,,,,,
2024,394,Klag Lake - Esc.,420,Sockeye,7/27/2024,30,,113,113-72,113-72-007,Klag Lake,14,Weir,,13,3,01,Male,02,480,480.00,0.00,12,,,,,,,,,,,
2024,394,Klag Lake - Esc.,420,Sockeye,7/27/2024,30,,113,113-72,113-72-007,Klag Lake,14,Weir,,13,4,01,Male,02,510,510.00,0.00,22,,,,,,,,,,,
2024,394,Klag Lake - Esc.,420,Sockeye,7/27/2024,30,,113,113-72,113-72-007,Klag Lake,14,Weir,,13,5,02,Female,02,480,480.00,0.00,12,,,,,,,,,,,
2024,394,Klag Lake - Esc.,420,Sockeye,7/27/2024,30,,113,113-72,113-72-007,Klag Lake,14,Weir,,13,6,01,Male,02,490,490.00,0.00,,,,,,,,,,,resorbed,
2024,394,Klag Lake - Esc.,420,Sockeye,7/27/2024,30,,113,113-72,113-72-007,Klag Lake,14,Weir,,13,7,01,Male,02,480,480.00,0.00,12,,,,,,,,,,,
2024,394,Klag Lake - Esc.,420,Sockeye,7/27/2024,30,,113,113-72,113-72-007,Klag Lake,14,Weir,,13,8,01,Male,02,500,500.00,0.00,,,,,,,,,,,resorbed,
2024,394,Klag Lake - Esc.,420,Sockeye,7/27/2024,30,,113,113-72,113-72-007,Klag Lake,14,Weir,,13,9,01,Male,02,515,515.00,0.00,12,,,,,,,,,,,
2024,394,Klag Lake - Esc.,420,Sockeye,7/27/2024,30,,113,113-72,113-72-007,Klag Lake,14,Weir,,13,10,01,Male,02,520,520.00,0.00,13,,,,,,,,,,,
2024,394,Klag Lake - Esc.,420,Sockeye,7/31/2024,31,,113,113-72,113-72-007,Klag Lake,14,Weir,,14,1,01,Male,02,500,500.00,0.00,,,,,,,,,,,resorbed,
2024,394,Klag Lake - Esc.,420,Sockeye,7/31/2024,31,,113,113-72,113-72-007,Klag Lake,14,Weir,,14,2,02,Female,02,480,480.00,0.00,,,,,,,,,,,scales inverted,
2024,394,Klag Lake - Esc.,420,Sockeye,7/31/2024,31,,113,113-72,113-72-007,Klag Lake,14,Weir,,14,3,02,Female,02,460,460.00,0.00,12,,,,,,,,,,,
2024,394,Klag Lake - Esc.,420,Sockeye,7/31/2024,31,,113,113-72,113-72-007,Klag Lake,14,Weir,,14,4,02,Female,02,420,420.00,0.00,22,,,,,,,,,,,
2024,394,Klag Lake - Esc.,420,Sockeye,7/31/2024,31,,113,113-72,113-72-007,Klag Lake,14,Weir,,14,5,02,Female,02,470,470.00,0.00,12,,,,,,,,,,,
2024,394,Klag Lake - Esc.,420,Sockeye,7/31/2024,31,,113,113-72,113-72-007,Klag Lake,14,Weir,,14,6,01,Male,02,510,510.00,0.00,,,,,,,,,,,resorbed,
2024,394,Klag Lake - Esc.,420,Sockeye,7/31/2024,31,,113,113-72,113-72-007,Klag Lake,14,Weir,,14,7,02,Female,02,460,460.00,0.00,,,,,,,,,,,regenerated,
2024,394,Klag Lake - Esc.,420,Sockeye,7/31/2024,31,,113,113-72,113-72-007,Klag Lake,14,Weir,,14,8,02,Female,02,480,480.00,0.00,12,,,,,,,,,,,
2024,394,Klag Lake - Esc.,420,Sockeye,7/31/2024,31,,113,113-72,113-72-007,Klag Lake,14,Weir,,15,1,02,Female,02,450,450.00,0.00,,,,,,,,,,,scales inverted,
2024,394,Klag Lake - Esc.,420,Sockeye,7/31/2024,31,,113,113-72,113-72-007,Klag Lake,14,Weir,,15,2,01,Male,02,480,480.00,0.00,12,,,,,,,,,,,
2024,394,Klag Lake - Esc.,420,Sockeye,7/31/2024,31,,113,113-72,113-72-007,Klag Lake,14,Weir,,15,3,02,Female,02,450,450.00,0.00,,,,,,,,,,,scales inverted,
2024,394,Klag Lake - Esc.,420,Sockeye,7/31/2024,31,,113,113-72,113-72-007,Klag Lake,14,Weir,,15,4,02,Female,02,540,540.00,0.00,13,,,,,,,,,,,
2024,394,Klag Lake - Esc.,420,Sockeye,7/31/2024,31,,113,113-72,113-72-007,Klag Lake,14,Weir,,15,5,02,Female,02,470,470.00,0.00,22,,,,,,,,,,,
2024,394,Klag Lake - Esc.,420,Sockeye,7/31/2024,31,,113,113-72,113-72-007,Klag Lake,14,Weir,,15,6,02,Female,02,470,470.00,0.00,,,,,,,,,,,scales inverted,
2024,394,Klag Lake - Esc.,420,Sockeye,7/31/2024,31,,113,113-72,113-72-007,Klag Lake,14,Weir,,15,7,02,Female,02,470,470.00,0.00,22,,,,,,,,,,,
2024,394,Klag Lake - Esc.,420,Sockeye,7/31/2024,31,,113,113-72,113-72-007,Klag Lake,14,Weir,,15,8,02,Female,02,470,470.00,0.00,12,,,,,,,,,,,
2024,394,Klag Lake - Esc.,420,Sockeye,7/31/2024,31,,113,113-72,113-72-007,Klag Lake,14,Weir,,15,9,02,Female,02,470,470.00,0.00,12,,,,,,,,,,,
2024,394,Klag Lake - Esc.,420,Sockeye,7/31/2024,31,,113,113-72,113-72-007,Klag Lake,14,Weir,,15,10,02,Female,02,490,490.00,0.00,,,,,,,,,,,resorbed,
2024,394,Klag Lake - Esc.,420,Sockeye,7/31/2024,31,,113,113-72,113-72-007,Klag Lake,14,Weir,,16,1,02,Female,02,370,370.00,0.00,11,,,,,,,,,,,
2024,394,Klag Lake - Esc.,420,Sockeye,7/31/2024,31,,113,113-72,113-72-007,Klag Lake,14,Weir,,16,2,01,Male,02,450,450.00,0.00,22,,,,,,,,,,,
2024,394,Klag Lake - Esc.,420,Sockeye,7/31/2024,31,,113,113-72,113-72-007,Klag Lake,14,Weir,,16,3,01,Male,02,500,500.00,0.00,12,,,,,,,,,,,
2024,394,Klag Lake - Esc.,420,Sockeye,7/31/2024,31,,113,113-72,113-72-007,Klag Lake,14,Weir,,16,4,02,Female,02,460,460.00,0.00,12,,,,,,,,,,,
2024,394,Klag Lake - Esc.,420,Sockeye,7/31/2024,31,,113,113-72,113-72-007,Klag Lake,14,Weir,,16,5,02,Female,02,500,500.00,0.00,13,,,,,,,,,,,
2024,394,Klag Lake - Esc.,420,Sockeye,7/31/2024,31,,113,113-72,113-72-007,Klag Lake,14,Weir,,16,6,02,Female,02,510,510.00,0.00,,,,,,,,,,,resorbed,
2024,394,Klag Lake - Esc.,420,Sockeye,7/31/2024,31,,113,113-72,113-72-007,Klag Lake,14,Weir,,16,7,01,Male,02,510,510.00,0.00,12,,,,,,,,,,,
2024,394,Klag Lake - Esc.,420,Sockeye,7/31/2024,31,,113,113-72,113-72-007,Klag Lake,14,Weir,,16,8,02,Female,02,480,480.00,0.00,12,,,,,,,,,,,
2024,394,Klag Lake - Esc.,420,Sockeye,7/31/2024,31,,113,113-72,113-72-007,Klag Lake,14,Weir,,16,9,02,Female,02,460,460.00,0.00,12,,,,,,,,,,,
2024,394,Klag Lake - Esc.,420,Sockeye,7/31/2024,31,,113,113-72,113-72-007,Klag Lake,14,Weir,,16,10,02,Female,02,500,500.00,0.00,12,,,,,,,,,,,
2024,394,Klag Lake - Esc.,420,Sockeye,7/31/2024,31,,113,113-72,113-72-007,Klag Lake,14,Weir,,17,1,02,Female,02,460,460.00,0.00,12,,,,,,,,,,,
2024,394,Klag Lake - Esc.,420,Sockeye,7/31/2024,31,,113,113-72,113-72-007,Klag Lake,14,Weir,,17,2,02,Female,02,450,450.00,0.00,12,,,,,,,,,,,
2024,394,Klag Lake - Esc.,420,Sockeye,7/31/2024,31,,113,113-72,113-72-007,Klag Lake,14,Weir,,17,3,02,Female,02,430,430.00,0.00,22,,,,,,,,,,,
2024,394,Klag Lake - Esc.,420,Sockeye,7/31/2024,31,,113,113-72,113-72-007,Klag Lake,14,Weir,,17,4,02,Female,02,470,470.00,0.00,22,,,,,,,,,,,
2024,394,Klag Lake - Esc.,420,Sockeye,7/31/2024,31,,113,113-72,113-72-007,Klag Lake,14,Weir,,17,5,02,Female,02,470,470.00,0.00,22,,,,,,,,,,,
2024,394,Klag Lake - Esc.,420,Sockeye,7/31/2024,31,,113,113-72,113-72-007,Klag Lake,14,Weir,,17,6,02,Female,02,480,480.00,0.00,,,,,,,,,,,scales inverted,
2024,394,Klag Lake - Esc.,420,Sockeye,7/31/2024,31,,113,113-72,113-72-007,Klag Lake,14,Weir,,17,7,02,Female,02,500,500.00,0.00,22,,,,,,,,,,,
2024,394,Klag Lake - Esc.,420,Sockeye,7/31/2024,31,,113,113-72,113-72-007,Klag Lake,14,Weir,,17,8,01,Male,02,530,530.00,0.00,,,,,,,,,,,obscured,
2024,394,Klag Lake - Esc.,420,Sockeye,7/31/2024,31,,113,113-72,113-72-007,Klag Lake,14,Weir,,17,9,01,Male,02,490,490.00,0.00,12,,,,,,,,,,,
2024,394,Klag Lake - Esc.,420,Sockeye,7/31/2024,31,,113,113-72,113-72-007,Klag Lake,14,Weir,,17,10,01,Male,02,490,490.00,0.00,12,,,,,,,,,,,
2024,394,Klag Lake - Esc.,420,Sockeye,7/31/2024,31,,113,113-72,113-72-007,Klag Lake,14,Weir,,18,1,02,Female,02,490,490.00,0.00,12,,,,,,,,,,,
2024,394,Klag Lake - Esc.,420,Sockeye,7/31/2024,31,,113,113-72,113-72-007,Klag Lake,14,Weir,,18,2,01,Male,02,480,480.00,0.00,22,,,,,,,,,,,
2024,394,Klag Lake - Esc.,420,Sockeye,7/31/2024,31,,113,113-72,113-72-007,Klag Lake,14,Weir,,18,3,01,Male,02,495,495.00,0.00,12,,,,,,,,,,,
2024,394,Klag Lake - Esc.,420,Sockeye,7/31/2024,31,,113,113-72,113-72-007,Klag Lake,14,Weir,,18,4,01,Male,02,475,475.00,0.00,12,,,,,,,,,,,
2024,394,Klag Lake - Esc.,420,Sockeye,7/31/2024,31,,113,113-72,113-72-007,Klag Lake,14,Weir,,18,5,02,Female,02,455,455.00,0.00,12,,,,,,,,,,,
2024,394,Klag Lake - Esc.,420,Sockeye,7/31/2024,31,,113,113-72,113-72-007,Klag Lake,14,Weir,,18,6,01,Male,02,405,405.00,0.00,21,,,,,,,,,,,
2024,394,Klag Lake - Esc.,420,Sockeye,7/31/2024,31,,113,113-72,113-72-007,Klag Lake,14,Weir,,18,7,01,Male,02,470,470.00,0.00,22,,,,,,,,,,,
2024,394,Klag Lake - Esc.,420,Sockeye,7/31/2024,31,,113,113-72,113-72-007,Klag Lake,14,Weir,,18,8,01,Male,02,480,480.00,0.00,12,,,,,,,,,,,
2024,394,Klag Lake - Esc.,420,Sockeye,7/31/2024,31,,113,113-72,113-72-007,Klag Lake,14,Weir,,18,9,01,Male,02,460,460.00,0.00,12,,,,,,,,,,,
2024,394,Klag Lake - Esc.,420,Sockeye,7/31/2024,31,,113,113-72,113-72-007,Klag Lake,14,Weir,,18,10,02,Female,02,490,490.00,0.00,12,,,,,,,,,,,
2024,394,Klag Lake - Esc.,420,Sockeye,7/31/2024,31,,113,113-72,113-72-007,Klag Lake,14,Weir,,19,1,02,Female,02,465,465.00,0.00,12,,,,,,,,,,,
2024,394,Klag Lake - Esc.,420,Sockeye,7/31/2024,31,,113,113-72,113-72-007,Klag Lake,14,Weir,,19,2,02,Female,02,500,500.00,0.00,,,,,,,,,,,resorbed,
2024,394,Klag Lake - Esc.,420,Sockeye,7/31/2024,31,,113,113-72,113-72-007,Klag Lake,14,Weir,,19,3,01,Male,02,475,475.00,0.00,,,,,,,,,,,resorbed,
2024,394,Klag Lake - Esc.,420,Sockeye,7/31/2024,31,,113,113-72,113-72-007,Klag Lake,14,Weir,,19,4,02,Female,02,480,480.00,0.00,22,,,,,,,,,,,
2024,394,Klag Lake - Esc.,420,Sockeye,7/31/2024,31,,113,113-72,113-72-007,Klag Lake,14,Weir,,19,5,02,Female,02,470,470.00,0.00,12,,,,,,,,,,,
2024,394,Klag Lake - Esc.,420,Sockeye,7/31/2024,31,,113,113-72,113-72-007,Klag Lake,14,Weir,,19,6,01,Male,02,510,510.00,0.00,,,,,,,,,,,resorbed,
2024,394,Klag Lake - Esc.,420,Sockeye,7/31/2024,31,,113,113-72,113-72-007,Klag Lake,14,Weir,,19,7,01,Male,02,430,430.00,0.00,12,,,,,,,,,,,
2024,394,Klag Lake - Esc.,420,Sockeye,7/31/2024,31,,113,113-72,113-72-007,Klag Lake,14,Weir,,19,8,02,Female,02,520,520.00,0.00,12,,,,,,,,,,,
2024,394,Klag Lake - Esc.,420,Sockeye,7/31/2024,31,,113,113-72,113-72-007,Klag Lake,14,Weir,,19,9,01,Male,02,530,530.00,0.00,,,,,,,,,,,resorbed,
2024,394,Klag Lake - Esc.,420,Sockeye,7/31/2024,31,,113,113-72,113-72-007,Klag Lake,14,Weir,,19,10,02,Female,02,460,460.00,0.00,12,,,,,,,,,,,
2024,394,Klag Lake - Esc.,420,Sockeye,8/1/2024,31,,113,113-72,113-72-007,Klag Lake,14,Weir,,20,1,01,Male,02,440,440.00,0.00,12,,,,,,,,,,,
2024,394,Klag Lake - Esc.,420,Sockeye,8/1/2024,31,,113,113-72,113-72-007,Klag Lake,14,Weir,,20,2,02,Female,02,495,495.00,0.00,13,,,,,,,,,,,
2024,394,Klag Lake - Esc.,420,Sockeye,8/1/2024,31,,113,113-72,113-72-007,Klag Lake,14,Weir,,20,3,01,Male,02,455,455.00,0.00,12,,,,,,,,,,,
2024,394,Klag Lake - Esc.,420,Sockeye,8/1/2024,31,,113,113-72,113-72-007,Klag Lake,14,Weir,,20,4,01,Male,02,470,470.00,0.00,12,,,,,,,,,,,
2024,394,Klag Lake - Esc.,420,Sockeye,8/1/2024,31,,113,113-72,113-72-007,Klag Lake,14,Weir,,20,5,02,Female,02,460,460.00,0.00,22,,,,,,,,,,,
2024,394,Klag Lake - Esc.,420,Sockeye,8/1/2024,31,,113,113-72,113-72-007,Klag Lake,14,Weir,,20,6,02,Female,02,480,480.00,0.00,12,,,,,,,,,,,
2024,394,Klag Lake - Esc.,420,Sockeye,8/1/2024,31,,113,113-72,113-72-007,Klag Lake,14,Weir,,20,7,02,Female,02,450,450.00,0.00,12,,,,,,,,,,,
2024,394,Klag Lake - Esc.,420,Sockeye,8/1/2024,31,,113,113-72,113-72-007,Klag Lake,14,Weir,,20,8,01,Male,02,520,520.00,0.00,22,,,,,,,,,,,
2024,394,Klag Lake - Esc.,420,Sockeye,8/1/2024,31,,113,113-72,113-72-007,Klag Lake,14,Weir,,20,9,02,Female,02,480,480.00,0.00,12,,,,,,,,,,,
2024,394,Klag Lake - Esc.,420,Sockeye,8/1/2024,31,,113,113-72,113-72-007,Klag Lake,14,Weir,,20,10,01,Male,02,480,480.00,0.00,22,,,,,,,,,,,
2024,394,Klag Lake - Esc.,420,Sockeye,8/1/2024,31,,113,113-72,113-72-007,Klag Lake,14,Weir,,21,1,02,Female,02,420,420.00,0.00,12,,,,,,,,,,,
2024,394,Klag Lake - Esc.,420,Sockeye,8/1/2024,31,,113,113-72,113-72-007,Klag Lake,14,Weir,,21,2,02,Female,02,500,500.00,0.00,12,,,,,,,,,,,
2024,394,Klag Lake - Esc.,420,Sockeye,8/1/2024,31,,113,113-72,113-72-007,Klag Lake,14,Weir,,21,3,01,Male,02,475,475.00,0.00,,,,,,,,,,,scales inverted,
2024,394,Klag Lake - Esc.,420,Sockeye,8/1/2024,31,,113,113-72,113-72-007,Klag Lake,14,Weir,,21,4,01,Male,02,520,520.00,0.00,23,,,,,,,,,,,
2024,394,Klag Lake - Esc.,420,Sockeye,8/1/2024,31,,113,113-72,113-72-007,Klag Lake,14,Weir,,21,5,02,Female,02,500,500.00,0.00,,,,,,,,,,,resorbed,
2024,394,Klag Lake - Esc.,420,Sockeye,8/1/2024,31,,113,113-72,113-72-007,Klag Lake,14,Weir,,21,6,01,Male,02,,,0.00,12,,,,,,,,,,,
2024,394,Klag Lake - Esc.,420,Sockeye,8/1/2024,31,,113,113-72,113-72-007,Klag Lake,14,Weir,,21,7,02,Female,02,480,480.00,0.00,12,,,,,,,,,,,
2024,394,Klag Lake - Esc.,420,Sockeye,8/1/2024,31,,113,113-72,113-72-007,Klag Lake,14,Weir,,21,8,02,Female,02,520,520.00,0.00,12,,,,,,,,,,,
2024,394,Klag Lake - Esc.,420,Sockeye,8/1/2024,31,,113,113-72,113-72-007,Klag Lake,14,Weir,,21,9,02,Female,02,475,475.00,0.00,22,,,,,,,,,,,
2024,394,Klag Lake - Esc.,420,Sockeye,8/7/2024,32,,113,113-72,113-72-007,Klag Lake,14,Weir,,22,1,01,Male,02,495,495.00,0.00,22,,,,,,,,,,,
2024,394,Klag Lake - Esc.,420,Sockeye,8/7/2024,32,,113,113-72,113-72-007,Klag Lake,14,Weir,,22,2,01,Male,02,495,495.00,0.00,,,,,,,,,,,resorbed,
2024,394,Klag Lake - Esc.,420,Sockeye,8/7/2024,32,,113,113-72,113-72-007,Klag Lake,14,Weir,,22,3,02,Female,02,445,445.00,0.00,12,,,,,,,,,,,
2024,394,Klag Lake - Esc.,420,Sockeye,8/7/2024,32,,113,113-72,113-72-007,Klag Lake,14,Weir,,22,4,01,Male,02,460,460.00,0.00,12,,,,,,,,,,,
2024,394,Klag Lake - Esc.,420,Sockeye,8/7/2024,32,,113,113-72,113-72-007,Klag Lake,14,Weir,,22,5,01,Male,02,485,485.00,0.00,,,,,,,,,,,scales inverted,
2024,394,Klag Lake - Esc.,420,Sockeye,8/7/2024,32,,113,113-72,113-72-007,Klag Lake,14,Weir,,22,6,02,Female,02,515,515.00,0.00,13,,,,,,,,,,,
2024,394,Klag Lake - Esc.,420,Sockeye,8/12/2024,33,,113,113-72,113-72-007,Klag Lake,14,Weir,,23,1,02,Female,02,480,480.00,0.00,,,,,,,,,,,resorbed,
2024,394,Klag Lake - Esc.,420,Sockeye,8/12/2024,33,,113,113-72,113-72-007,Klag Lake,14,Weir,,23,2,01,Male,02,460,460.00,0.00,,,,,,,,,,,resorbed,
2024,394,Klag Lake - Esc.,420,Sockeye,8/12/2024,33,,113,113-72,113-72-007,Klag Lake,14,Weir,,23,3,02,Female,02,500,500.00,0.00,22,,,,,,,,,,,
2024,394,Klag Lake - Esc.,420,Sockeye,8/12/2024,33,,113,113-72,113-72-007,Klag Lake,14,Weir,,23,4,01,Male,02,470,470.00,0.00,12,,,,,,,,,,,
2024,394,Klag Lake - Esc.,420,Sockeye,8/12/2024,33,,113,113-72,113-72-007,Klag Lake,14,Weir,,23,5,01,Male,02,460,460.00,0.00,12,,,,,,,,,,,
2024,394,Klag Lake - Esc.,420,Sockeye,8/12/2024,33,,113,113-72,113-72-007,Klag Lake,14,Weir,,23,6,01,Male,02,480,480.00,0.00,12,,,,,,,,,,,
2024,394,Klag Lake - Esc.,420,Sockeye,8/12/2024,33,,113,113-72,113-72-007,Klag Lake,14,Weir,,23,7,01,Male,02,340,340.00,0.00,11,,,,,,,,,,,
2024,394,Klag Lake - Esc.,420,Sockeye,8/12/2024,33,,113,113-72,113-72-007,Klag Lake,14,Weir,,23,8,01,Male,02,510,510.00,0.00,,,,,,,,,,,resorbed,
2024,394,Klag Lake - Esc.,420,Sockeye,8/12/2024,33,,113,113-72,113-72-007,Klag Lake,14,Weir,,23,9,01,Male,02,420,420.00,0.00,12,,,,,,,,,,,
2024,394,Klag Lake - Esc.,420,Sockeye,8/12/2024,33,,113,113-72,113-72-007,Klag Lake,14,Weir,,23,10,01,Male,02,370,370.00,0.00,11,,,,,,,,,,,
2024,394,Klag Lake - Esc.,420,Sockeye,8/12/2024,33,,113,113-72,113-72-007,Klag Lake,14,Weir,,24,1,02,Female,02,530,530.00,0.00,,,,,,,,,,,resorbed,
2024,394,Klag Lake - Esc.,420,Sockeye,8/12/2024,33,,113,113-72,113-72-007,Klag Lake,14,Weir,,24,2,01,Male,02,490,490.00,0.00,,,,,,,,,,,resorbed,
2024,394,Klag Lake - Esc.,420,Sockeye,8/12/2024,33,,113,113-72,113-72-007,Klag Lake,14,Weir,,24,3,02,Female,02,480,480.00,0.00,12,,,,,,,,,,,
2024,394,Klag Lake - Esc.,420,Sockeye,8/12/2024,33,,113,113-72,113-72-007,Klag Lake,14,Weir,,24,4,02,Female,02,470,470.00,0.00,12,,,,,,,,,,,
2024,394,Klag Lake - Esc.,420,Sockeye,8/12/2024,33,,113,113-72,113-72-007,Klag Lake,14,Weir,,24,5,02,Female,02,470,470.00,0.00,22,,,,,,,,,,,
2024,394,Klag Lake - Esc.,420,Sockeye,8/12/2024,33,,113,113-72,113-72-007,Klag Lake,14,Weir,,24,6,01,Male,02,490,490.00,0.00,,,,,,,,,,,resorbed,
2024,394,Klag Lake - Esc.,420,Sockeye,8/12/2024,33,,113,113-72,113-72-007,Klag Lake,14,Weir,,24,7,02,Female,02,430,430.00,0.00,22,,,,,,,,,,,
2024,394,Klag Lake - Esc.,420,Sockeye,8/12/2024,33,,113,113-72,113-72-007,Klag Lake,14,Weir,,24,8,01,Male,02,390,390.00,0.00,11,,,,,,,,,,,
2024,394,Klag Lake - Esc.,420,Sockeye,8/12/2024,33,,113,113-72,113-72-007,Klag Lake,14,Weir,,24,9,01,Male,02,460,460.00,0.00,,,,,,,,,,,resorbed,
2024,394,Klag Lake - Esc.,420,Sockeye,8/12/2024,33,,113,113-72,113-72-007,Klag Lake,14,Weir,,24,10,02,Female,02,450,450.00,0.00,12,,,,,,,,,,,
2024,394,Klag Lake - Esc.,420,Sockeye,8/12/2024,33,,113,113-72,113-72-007,Klag Lake,14,Weir,,25,1,01,Male,02,490,490.00,0.00,,,,,,,,,,,resorbed,
2024,394,Klag Lake - Esc.,420,Sockeye,8/12/2024,33,,113,113-72,113-72-007,Klag Lake,14,Weir,,25,2,01,Male,02,530,530.00,0.00,22,,,,,,,,,,,
2024,394,Klag Lake - Esc.,420,Sockeye,8/12/2024,33,,113,113-72,113-72-007,Klag Lake,14,Weir,,25,3,02,Female,02,460,460.00,0.00,22,,,,,,,,,,,
2024,394,Klag Lake - Esc.,420,Sockeye,8/12/2024,33,,113,113-72,113-72-007,Klag Lake,14,Weir,,25,4,01,Male,02,470,470.00,0.00,,,,,,,,,,,regenerated,
2024,394,Klag Lake - Esc.,420,Sockeye,8/12/2024,33,,113,113-72,113-72-007,Klag Lake,14,Weir,,25,5,02,Female,02,490,490.00,0.00,22,,,,,,,,,,,
2024,394,Klag Lake - Esc.,420,Sockeye,8/12/2024,33,,113,113-72,113-72-007,Klag Lake,14,Weir,,25,6,01,Male,02,520,520.00,0.00,,,,,,,,,,,resorbed,
2024,394,Klag Lake - Esc.,420,Sockeye,8/12/2024,33,,113,113-72,113-72-007,Klag Lake,14,Weir,,25,7,02,Female,02,540,540.00,0.00,,,,,,,,,,,scales inverted,
2024,394,Klag Lake - Esc.,420,Sockeye,8/12/2024,33,,113,113-72,113-72-007,Klag Lake,14,Weir,,25,8,02,Female,02,470,470.00,0.00,12,,,,,,,,,,,
2024,394,Klag Lake - Esc.,420,Sockeye,8/12/2024,33,,113,113-72,113-72-007,Klag Lake,14,Weir,,25,9,02,Female,02,440,440.00,0.00,12,,,,,,,,,,,
2024,394,Klag Lake - Esc.,420,Sockeye,8/12/2024,33,,113,113-72,113-72-007,Klag Lake,14,Weir,,25,10,02,Female,02,530,530.00,0.00,,,,,,,,,,,resorbed,
2024,394,Klag Lake - Esc.,420,Sockeye,8/12/2024,33,,113,113-72,113-72-007,Klag Lake,14,Weir,,26,1,02,Female,02,450,450.00,0.00,12,,,,,,,,,,,
2024,394,Klag Lake - Esc.,420,Sockeye,8/12/2024,33,,113,113-72,113-72-007,Klag Lake,14,Weir,,26,2,02,Female,02,480,480.00,0.00,12,,,,,,,,,,,
2024,394,Klag Lake - Esc.,420,Sockeye,8/12/2024,33,,113,113-72,113-72-007,Klag Lake,14,Weir,,26,3,01,Male,02,480,480.00,0.00,12,,,,,,,,,,,
2024,394,Klag Lake - Esc.,420,Sockeye,8/12/2024,33,,113,113-72,113-72-007,Klag Lake,14,Weir,,26,4,02,Female,02,480,480.00,0.00,12,,,,,,,,,,,
2024,394,Klag Lake - Esc.,420,Sockeye,8/12/2024,33,,113,113-72,113-72-007,Klag Lake,14,Weir,,26,5,02,Female,02,410,410.00,0.00,12,,,,,,,,,,,
2024,394,Klag Lake - Esc.,420,Sockeye,8/12/2024,33,,113,113-72,113-72-007,Klag Lake,14,Weir,,26,6,01,Male,02,450,450.00,0.00,12,,,,,,,,,,,
2024,394,Klag Lake - Esc.,420,Sockeye,8/12/2024,33,,113,113-72,113-72-007,Klag Lake,14,Weir,,26,7,02,Female,02,480,480.00,0.00,12,,,,,,,,,,,
2024,394,Klag Lake - Esc.,420,Sockeye,8/12/2024,33,,113,113-72,113-72-007,Klag Lake,14,Weir,,26,8,01,Male,02,460,460.00,0.00,,,,,,,,,,,resorbed,
2024,394,Klag Lake - Esc.,420,Sockeye,8/12/2024,33,,113,113-72,113-72-007,Klag Lake,14,Weir,,26,9,01,Male,02,350,350.00,0.00,11,,,,,,,,,,,
2024,394,Klag Lake - Esc.,420,Sockeye,8/12/2024,33,,113,113-72,113-72-007,Klag Lake,14,Weir,,26,10,02,Female,02,520,520.00,0.00,13,,,,,,,,,,,
2024,394,Klag Lake - Esc.,420,Sockeye,8/13/2024,33,,113,113-72,113-72-007,Klag Lake,14,Weir,,27,1,02,Female,02,470,470.00,0.00,12,,,,,,,,,,,
2024,394,Klag Lake - Esc.,420,Sockeye,8/13/2024,33,,113,113-72,113-72-007,Klag Lake,14,Weir,,27,2,01,Male,02,480,480.00,0.00,,,,,,,,,,,resorbed,
2024,394,Klag Lake - Esc.,420,Sockeye,8/13/2024,33,,113,113-72,113-72-007,Klag Lake,14,Weir,,27,3,01,Male,02,540,540.00,0.00,,,,,,,,,,,resorbed,
2024,394,Klag Lake - Esc.,420,Sockeye,8/13/2024,33,,113,113-72,113-72-007,Klag Lake,14,Weir,,27,4,02,Female,02,480,480.00,0.00,,,,,,,,,,,resorbed,
2024,394,Klag Lake - Esc.,420,Sockeye,8/13/2024,33,,113,113-72,113-72-007,Klag Lake,14,Weir,,27,5,02,Female,02,530,530.00,0.00,22,,,,,,,,,,,
2024,394,Klag Lake - Esc.,420,Sockeye,8/13/2024,33,,113,113-72,113-72-007,Klag Lake,14,Weir,,27,6,01,Male,02,340,340.00,0.00,11,,,,,,,,,,,
2024,394,Klag Lake - Esc.,420,Sockeye,8/13/2024,33,,113,113-72,113-72-007,Klag Lake,14,Weir,,27,7,02,Female,02,490,490.00,0.00,,,,,,,,,,,not preferred scale,
2024,394,Klag Lake - Esc.,420,Sockeye,8/13/2024,33,,113,113-72,113-72-007,Klag Lake,14,Weir,,27,8,02,Female,02,490,490.00,0.00,22,,,,,,,,,,,
2024,394,Klag Lake - Esc.,420,Sockeye,8/13/2024,33,,113,113-72,113-72-007,Klag Lake,14,Weir,,27,9,01,Male,02,520,520.00,0.00,,,,,,,,,,,resorbed,
2024,394,Klag Lake - Esc.,420,Sockeye,8/13/2024,33,,113,113-72,113-72-007,Klag Lake,14,Weir,,27,10,02,Female,02,440,440.00,0.00,12,,,,,,,,,,,
2024,394,Klag Lake - Esc.,420,Sockeye,8/13/2024,33,,113,113-72,113-72-007,Klag Lake,14,Weir,,28,1,02,Female,02,470,470.00,0.00,12,,,,,,,,,,,
2024,394,Klag Lake - Esc.,420,Sockeye,8/13/2024,33,,113,113-72,113-72-007,Klag Lake,14,Weir,,28,2,02,Female,02,430,430.00,0.00,,,,,,,,,,,resorbed,
2024,394,Klag Lake - Esc.,420,Sockeye,8/13/2024,33,,113,113-72,113-72-007,Klag Lake,14,Weir,,28,3,02,Female,02,500,500.00,0.00,,,,,,,,,,,resorbed,
2024,394,Klag Lake - Esc.,420,Sockeye,8/13/2024,33,,113,113-72,113-72-007,Klag Lake,14,Weir,,28,4,01,Male,02,480,480.00,0.00,12,,,,,,,,,,,
2024,394,Klag Lake - Esc.,420,Sockeye,8/13/2024,33,,113,113-72,113-72-007,Klag Lake,14,Weir,,28,5,02,Female,02,460,460.00,0.00,,,,,,,,,,,resorbed,
2024,394,Klag Lake - Esc.,420,Sockeye,8/13/2024,33,,113,113-72,113-72-007,Klag Lake,14,Weir,,28,6,01,Male,02,480,480.00,0.00,,,,,,,,,,,resorbed,
2024,394,Klag Lake - Esc.,420,Sockeye,8/13/2024,33,,113,113-72,113-72-007,Klag Lake,14,Weir,,28,7,01,Male,02,390,390.00,0.00,11,,,,,,,,,,,
2024,394,Klag Lake - Esc.,420,Sockeye,8/13/2024,33,,113,113-72,113-72-007,Klag Lake,14,Weir,,28,8,01,Male,02,510,510.00,0.00,,,,,,,,,,,resorbed,
2024,394,Klag Lake - Esc.,420,Sockeye,8/13/2024,33,,113,113-72,113-72-007,Klag Lake,14,Weir,,28,9,02,Female,02,500,500.00,0.00,12,,,,,,,,,,,
2024,394,Klag Lake - Esc.,420,Sockeye,8/13/2024,33,,113,113-72,113-72-007,Klag Lake,14,Weir,,28,10,02,Female,02,460,460.00,0.00,12,,,,,,,,,,,
2024,394,Klag Lake - Esc.,420,Sockeye,8/13/2024,33,,113,113-72,113-72-007,Klag Lake,14,Weir,,29,1,02,Female,02,440,440.00,0.00,12,,,,,,,,,,,
2024,394,Klag Lake - Esc.,420,Sockeye,8/13/2024,33,,113,113-72,113-72-007,Klag Lake,14,Weir,,29,2,02,Female,02,500,500.00,0.00,,,,,,,,,,,resorbed,
2024,394,Klag Lake - Esc.,420,Sockeye,8/13/2024,33,,113,113-72,113-72-007,Klag Lake,14,Weir,,29,3,02,Female,02,470,470.00,0.00,12,,,,,,,,,,,
2024,394,Klag Lake - Esc.,420,Sockeye,8/13/2024,33,,113,113-72,113-72-007,Klag Lake,14,Weir,,29,4,02,Female,02,480,480.00,0.00,12,,,,,,,,,,,
2024,394,Klag Lake - Esc.,420,Sockeye,8/13/2024,33,,113,113-72,113-72-007,Klag Lake,14,Weir,,29,5,02,Female,02,490,490.00,0.00,13,,,,,,,,,,,
2024,394,Klag Lake - Esc.,420,Sockeye,8/13/2024,33,,113,113-72,113-72-007,Klag Lake,14,Weir,,29,6,02,Female,02,450,450.00,0.00,12,,,,,,,,,,,
2024,394,Klag Lake - Esc.,420,Sockeye,8/13/2024,33,,113,113-72,113-72-007,Klag Lake,14,Weir,,29,7,02,Female,02,460,460.00,0.00,12,,,,,,,,,,,
2024,394,Klag Lake - Esc.,420,Sockeye,8/13/2024,33,,113,113-72,113-72-007,Klag Lake,14,Weir,,29,8,02,Female,02,410,410.00,0.00,,,,,,,,,,,resorbed,
2024,394,Klag Lake - Esc.,420,Sockeye,8/13/2024,33,,113,113-72,113-72-007,Klag Lake,14,Weir,,29,9,02,Female,02,500,500.00,0.00,,,,,,,,,,,resorbed,
2024,394,Klag Lake - Esc.,420,Sockeye,8/13/2024,33,,113,113-72,113-72-007,Klag Lake,14,Weir,,29,10,02,Female,02,450,450.00,0.00,12,,,,,,,,,,,
2024,394,Klag Lake - Esc.,420,Sockeye,8/13/2024,33,,113,113-72,113-72-007,Klag Lake,14,Weir,,30,1,02,Female,02,470,470.00,0.00,12,,,,,,,,,,,
2024,394,Klag Lake - Esc.,420,Sockeye,8/13/2024,33,,113,113-72,113-72-007,Klag Lake,14,Weir,,30,2,02,Female,02,490,490.00,0.00,22,,,,,,,,,,,
2024,394,Klag Lake - Esc.,420,Sockeye,8/13/2024,33,,113,113-72,113-72-007,Klag Lake,14,Weir,,30,3,01,Male,02,510,510.00,0.00,,,,,,,,,,,resorbed,
2024,394,Klag Lake - Esc.,420,Sockeye,8/13/2024,33,,113,113-72,113-72-007,Klag Lake,14,Weir,,30,4,02,Female,02,470,470.00,0.00,12,,,,,,,,,,,
2024,394,Klag Lake - Esc.,420,Sockeye,8/13/2024,33,,113,113-72,113-72-007,Klag Lake,14,Weir,,30,5,01,Male,02,550,550.00,0.00,,,,,,,,,,,resorbed,
2024,394,Klag Lake - Esc.,420,Sockeye,8/13/2024,33,,113,113-72,113-72-007,Klag Lake,14,Weir,,30,6,02,Female,02,490,490.00,0.00,12,,,,,,,,,,,
2024,394,Klag Lake - Esc.,420,Sockeye,8/13/2024,33,,113,113-72,113-72-007,Klag Lake,14,Weir,,30,7,01,Male,02,510,510.00,0.00,,,,,,,,,,,resorbed,
2024,394,Klag Lake - Esc.,420,Sockeye,8/13/2024,33,,113,113-72,113-72-007,Klag Lake,14,Weir,,30,8,02,Female,02,440,440.00,0.00,,,,,,,,,,,scales inverted,
2024,394,Klag Lake - Esc.,420,Sockeye,8/13/2024,33,,113,113-72,113-72-007,Klag Lake,14,Weir,,30,9,02,Female,02,450,450.00,0.00,12,,,,,,,,,,,
2024,394,Klag Lake - Esc.,420,Sockeye,8/13/2024,33,,113,113-72,113-72-007,Klag Lake,14,Weir,,30,10,02,Female,02,500,500.00,0.00,,,,,,,,,,,resorbed,
2024,394,Klag Lake - Esc.,420,Sockeye,8/13/2024,33,,113,113-72,113-72-007,Klag Lake,14,Weir,,31,1,02,Female,02,470,470.00,0.00,,,,,,,,,,,scales inverted,
2024,394,Klag Lake - Esc.,420,Sockeye,8/13/2024,33,,113,113-72,113-72-007,Klag Lake,14,Weir,,31,2,02,Female,02,480,480.00,0.00,12,,,,,,,,,,,
2024,394,Klag Lake - Esc.,420,Sockeye,8/13/2024,33,,113,113-72,113-72-007,Klag Lake,14,Weir,,31,3,02,Female,02,470,470.00,0.00,12,,,,,,,,,,,
2024,394,Klag Lake - Esc.,420,Sockeye,8/13/2024,33,,113,113-72,113-72-007,Klag Lake,14,Weir,,31,4,02,Female,02,470,470.00,0.00,12,,,,,,,,,,,
2024,394,Klag Lake - Esc.,420,Sockeye,8/13/2024,33,,113,113-72,113-72-007,Klag Lake,14,Weir,,31,5,01,Male,02,460,460.00,0.00,,,,,,,,,,,resorbed,
2024,394,Klag Lake - Esc.,420,Sockeye,8/13/2024,33,,113,113-72,113-72-007,Klag Lake,14,Weir,,31,6,02,Female,02,510,510.00,0.00,22,,,,,,,,,,,
2024,394,Klag Lake - Esc.,420,Sockeye,8/13/2024,33,,113,113-72,113-72-007,Klag Lake,14,Weir,,31,7,01,Male,02,570,570.00,0.00,,,,,,,,,,,resorbed,
2024,394,Klag Lake - Esc.,420,Sockeye,8/13/2024,33,,113,113-72,113-72-007,Klag Lake,14,Weir,,31,8,02,Female,02,490,490.00,0.00,12,,,,,,,,,,,
2024,394,Klag Lake - Esc.,420,Sockeye,8/13/2024,33,,113,113-72,113-72-007,Klag Lake,14,Weir,,31,9,02,Female,02,480,480.00,0.00,12,,,,,,,,,,,
2024,394,Klag Lake - Esc.,420,Sockeye,8/13/2024,33,,113,113-72,113-72-007,Klag Lake,14,Weir,,31,10,02,Female,02,490,490.00,0.00,22,,,,,,,,,,,
2024,394,Klag Lake - Esc.,420,Sockeye,8/13/2024,33,,113,113-72,113-72-007,Klag Lake,14,Weir,,32,1,01,Male,02,480,480.00,0.00,12,,,,,,,,,,,
2024,394,Klag Lake - Esc.,420,Sockeye,8/13/2024,33,,113,113-72,113-72-007,Klag Lake,14,Weir,,32,2,02,Female,02,460,460.00,0.00,12,,,,,,,,,,,
2024,394,Klag Lake - Esc.,420,Sockeye,8/13/2024,33,,113,113-72,113-72-007,Klag Lake,14,Weir,,32,3,01,Male,02,520,520.00,0.00,,,,,,,,,,,resorbed,
2024,394,Klag Lake - Esc.,420,Sockeye,8/13/2024,33,,113,113-72,113-72-007,Klag Lake,14,Weir,,32,4,02,Female,02,480,480.00,0.00,12,,,,,,,,,,,
2024,394,Klag Lake - Esc.,420,Sockeye,8/13/2024,33,,113,113-72,113-72-007,Klag Lake,14,Weir,,32,5,02,Female,02,450,450.00,0.00,12,,,,,,,,,,,
2024,394,Klag Lake - Esc.,420,Sockeye,8/13/2024,33,,113,113-72,113-72-007,Klag Lake,14,Weir,,32,6,02,Female,02,475,475.00,0.00,12,,,,,,,,,,,
2024,394,Klag Lake - Esc.,420,Sockeye,8/13/2024,33,,113,113-72,113-72-007,Klag Lake,14,Weir,,32,7,01,Male,02,450,450.00,0.00,,,,,,,,,,,resorbed,
2024,394,Klag Lake - Esc.,420,Sockeye,8/13/2024,33,,113,113-72,113-72-007,Klag Lake,14,Weir,,32,8,02,Female,02,450,450.00,0.00,,,,,,,,,,,resorbed,
2024,394,Klag Lake - Esc.,420,Sockeye,8/13/2024,33,,113,113-72,113-72-007,Klag Lake,14,Weir,,32,9,02,Female,02,480,480.00,0.00,12,,,,,,,,,,,
2024,394,Klag Lake - Esc.,420,Sockeye,8/13/2024,33,,113,113-72,113-72-007,Klag Lake,14,Weir,,32,10,02,Female,02,460,460.00,0.00,12,,,,,,,,,,,
2024,394,Klag Lake - Esc.,420,Sockeye,8/13/2024,33,,113,113-72,113-72-007,Klag Lake,14,Weir,,33,1,01,Male,02,530,530.00,0.00,,,,,,,,,,,resorbed,
2024,394,Klag Lake - Esc.,420,Sockeye,8/13/2024,33,,113,113-72,113-72-007,Klag Lake,14,Weir,,33,2,02,Female,02,460,460.00,0.00,12,,,,,,,,,,,
2024,394,Klag Lake - Esc.,420,Sockeye,8/13/2024,33,,113,113-72,113-72-007,Klag Lake,14,Weir,,33,3,01,Male,02,530,530.00,0.00,,,,,,,,,,,resorbed,
2024,394,Klag Lake - Esc.,420,Sockeye,8/13/2024,33,,113,113-72,113-72-007,Klag Lake,14,Weir,,33,4,02,Female,02,460,460.00,0.00,22,,,,,,,,,,,
2024,394,Klag Lake - Esc.,420,Sockeye,8/13/2024,33,,113,113-72,113-72-007,Klag Lake,14,Weir,,33,5,01,Male,02,480,480.00,0.00,,,,,,,,,,,resorbed,
2024,394,Klag Lake - Esc.,420,Sockeye,8/13/2024,33,,113,113-72,113-72-007,Klag Lake,14,Weir,,33,6,01,Male,02,510,510.00,0.00,,,,,,,,,,,resorbed,
2024,394,Klag Lake - Esc.,420,Sockeye,8/13/2024,33,,113,113-72,113-72-007,Klag Lake,14,Weir,,33,7,02,Female,02,510,510.00,0.00,22,,,,,,,,,,,
2024,394,Klag Lake - Esc.,420,Sockeye,8/13/2024,33,,113,113-72,113-72-007,Klag Lake,14,Weir,,33,8,02,Female,02,480,480.00,0.00,12,,,,,,,,,,,
2024,394,Klag Lake - Esc.,420,Sockeye,8/13/2024,33,,113,113-72,113-72-007,Klag Lake,14,Weir,,33,9,02,Female,02,500,500.00,0.00,13,,,,,,,,,,,
2024,394,Klag Lake - Esc.,420,Sockeye,8/13/2024,33,,113,113-72,113-72-007,Klag Lake,14,Weir,,33,10,02,Female,02,550,550.00,0.00,,,,,,,,,,,resorbed,
2024,394,Klag Lake - Esc.,420,Sockeye,8/13/2024,33,,113,113-72,113-72-007,Klag Lake,14,Weir,,34,1,02,Female,02,540,540.00,0.00,22,,,,,,,,,,,
2024,394,Klag Lake - Esc.,420,Sockeye,8/13/2024,33,,113,113-72,113-72-007,Klag Lake,14,Weir,,34,2,02,Female,02,500,500.00,0.00,,,,,,,,,,,scales inverted,
2024,394,Klag Lake - Esc.,420,Sockeye,8/13/2024,33,,113,113-72,113-72-007,Klag Lake,14,Weir,,34,3,02,Female,02,490,490.00,0.00,,,,,,,,,,,resorbed,
2024,394,Klag Lake - Esc.,420,Sockeye,8/13/2024,33,,113,113-72,113-72-007,Klag Lake,14,Weir,,34,4,02,Female,02,435,435.00,0.00,12,,,,,,,,,,,
2024,394,Klag Lake - Esc.,420,Sockeye,8/13/2024,33,,113,113-72,113-72-007,Klag Lake,14,Weir,,34,5,01,Male,02,390,390.00,0.00,21,,,,,,,,,,,
2024,394,Klag Lake - Esc.,420,Sockeye,8/13/2024,33,,113,113-72,113-72-007,Klag Lake,14,Weir,,34,6,02,Female,02,515,515.00,0.00,,,,,,,,,,,resorbed,
2024,394,Klag Lake - Esc.,420,Sockeye,8/13/2024,33,,113,113-72,113-72-007,Klag Lake,14,Weir,,34,7,01,Male,02,455,455.00,0.00,12,,,,,,,,,,,
2024,394,Klag Lake - Esc.,420,Sockeye,8/13/2024,33,,113,113-72,113-72-007,Klag Lake,14,Weir,,34,8,01,Male,02,365,365.00,0.00,21,,,,,,,,,,,
2024,394,Klag Lake - Esc.,420,Sockeye,8/13/2024,33,,113,113-72,113-72-007,Klag Lake,14,Weir,,34,9,02,Female,02,470,470.00,0.00,12,,,,,,,,,,,
2024,394,Klag Lake - Esc.,420,Sockeye,8/13/2024,33,,113,113-72,113-72-007,Klag Lake,14,Weir,,34,10,02,Female,02,510,510.00,0.00,,,,,,,,,,,resorbed,
2024,394,Klag Lake - Esc.,420,Sockeye,8/20/2024,34,,113,113-72,113-72-007,Klag Lake,14,Weir,,35,1,01,Male,02,470,470.00,0.00,22,,,,,,,,,,,
2024,394,Klag Lake - Esc.,420,Sockeye,8/20/2024,34,,113,113-72,113-72-007,Klag Lake,14,Weir,,35,2,01,Male,02,510,510.00,0.00,,,,,,,,,,,resorbed,
2024,394,Klag Lake - Esc.,420,Sockeye,8/20/2024,34,,113,113-72,113-72-007,Klag Lake,14,Weir,,35,3,01,Male,02,530,530.00,0.00,,,,,,,,,,,no scales,
2024,394,Klag Lake - Esc.,420,Sockeye,8/20/2024,34,,113,113-72,113-72-007,Klag Lake,14,Weir,,35,4,01,Male,02,380,380.00,0.00,21,,,,,,,,,,,
2024,394,Klag Lake - Esc.,420,Sockeye,8/20/2024,34,,113,113-72,113-72-007,Klag Lake,14,Weir,,35,5,01,Male,02,505,505.00,0.00,,,,,,,,,,,regenerated,
2024,394,Klag Lake - Esc.,420,Sockeye,8/20/2024,34,,113,113-72,113-72-007,Klag Lake,14,Weir,,35,6,02,Female,02,485,485.00,0.00,,,,,,,,,,,scales inverted,
